game_num,season_type,opponent,home_away,win,team_pts,opp_pts,point_diff,wins,losses,ortg,drtg,pace,ts_pct,off_efg_pct,off_tov_pct,off_orb_pct,def_efg_pct,def_tov_pct,ftr,3par,team_ast_pct,team_trb_pct,jokic_pts,jokic_ast,jokic_trb,jokic_tov,jokic_plus_minus,jokic_efg_pct,jokic_fg_pct,jokic_3p_pct,jokic_ft_pct,jokic_fga,jokic_fg,jokic_mp,jokic_gmsc,jokic_stl,jokic_blk,jokic_pf,jokic_3p,jokic_3pa,triple_double
1,Regular,Utah Jazz,Away,0,102,123,-21,0,1,1009.0,1216.0,101.1,0.561,0.512,188.0,238.0,0.602,17.1,0.217,0.265,525.0,449.0,29.0,11.0,13.0,2.0,15.0,0.614,0.545,0.6,0.5,22.0,12.0,36.27,293.0,1.0,1.0,2.0,3.0,5.0,1
2,Regular,Golden State Warriors,Away,1,128,123,5,1,1,121.1,1164.0,1057.0,0.66,0.622,17.1,300.0,0.563,16.0,0.291,0.395,652.0,539.0,22.0,7.0,12.0,9.0,6.0,0.607,0.571,0.25,833.0,14.0,8.0,34.97,17.0,1.0,1.0,1.0,1.0,4.0,0
3,Regular,Oklahoma City Thunder,Home,1,122,117,5,2,1,1158.0,111.0,1054.0,0.618,0.612,154.0,196.0,0.527,11.1,0.365,0.447,786.0,495.0,28.0,5.0,14.0,4.0,21.0,0.781,0.75,0.5,1.0,16.0,12.0,29.87,249.0,0.0,0.0,3.0,1.0,2.0,0
4,Regular,Portland Trail Blazers,Away,0,110,135,-25,2,2,1157.0,1420.0,951.0,0.566,0.56,7.6,217.0,675.0,94.0,0.154,0.341,622.0,458.0,27.0,11.0,10.0,1.0,13.0,0.781,0.75,0.333,0.4,16.0,12.0,35.23,297.0,0.0,2.0,3.0,1.0,3.0,1
5,Regular,Los Angeles Lakers,Home,1,110,99,11,3,2,1074.0,967.0,1024.0,0.543,0.505,98.0,184.0,0.489,12.6,0.228,0.37,810.0,535.0,25.0,3.0,10.0,5.0,-19.0,0.5,0.478,0.167,1.0,23.0,11.0,29.97,14.2,0.0,0.0,0.0,1.0,6.0,0
6,Regular,Utah Jazz,Home,1,117,101,16,4,2,1218.0,105.1,961.0,0.585,0.559,10.7,36.2,0.473,9.1,0.4,0.435,462.0,604.0,33.0,9.0,14.0,4.0,17.0,938.0,875.0,1.0,0.6,16.0,14.0,35.58,364.0,1.0,1.0,3.0,2.0,2.0,0
7,Regular,Los Angeles Lakers,Away,0,110,121,-11,4,3,1124.0,1237.0,979.0,0.529,0.505,8.0,255.0,0.547,79.0,0.188,0.417,585.0,485.0,28.0,9.0,16.0,1.0,33.0,0.594,0.563,0.333,1.0,16.0,9.0,33.35,339.0,3.0,0.0,3.0,1.0,3.0,0
8,Regular,Oklahoma City Thunder,Away,1,122,110,12,5,3,1210.0,109.1,1009.0,0.67,0.643,18.0,21.1,0.516,9.0,0.19,0.369,71.1,540.0,35.0,12.0,14.0,2.0,16.0,667.0,625.0,0.333,0.6,24.0,15.0,36.37,365.0,1.0,1.0,1.0,2.0,6.0,1
9,Regular,San Antonio Spurs,Home,1,126,101,25,6,3,1298.0,104.1,971.0,0.689,695.0,165.0,313.0,0.563,145.0,0.115,0.333,698.0,627.0,35.0,5.0,13.0,3.0,3.0,0.58,0.56,0.125,0.6,25.0,14.0,36.6,296.0,3.0,1.0,3.0,1.0,8.0,0
10,Regular,San Antonio Spurs,Away,1,115,109,6,7,3,1087.0,103.1,1058.0,0.594,0.58,185.0,22.2,0.598,21.1,0.227,0.273,702.0,513.0,36.0,11.0,21.0,3.0,12.0,0.538,0.5,0.333,1.0,26.0,13.0,38.23,359.0,0.0,1.0,3.0,2.0,6.0,1
11,Regular,Indiana Pacers,Away,1,122,119,3,8,3,1123.0,1096.0,1086.0,0.613,0.557,18.1,250.0,0.542,147.0,0.295,0.318,628.0,516.0,32.0,9.0,16.0,4.0,3.0,0.391,0.348,0.286,1.0,23.0,8.0,35.75,276.0,1.0,0.0,2.0,2.0,7.0,0
12,Regular,Boston Celtics,Away,0,112,131,-19,8,4,1198.0,1402.0,935.0,0.556,0.522,5.6,234.0,0.644,6.6,0.217,0.315,619.0,452.0,26.0,18.0,16.0,4.0,5.0,0.525,0.5,0.125,1.0,20.0,10.0,36.17,31.1,1.0,1.0,2.0,1.0,8.0,1
13,Regular,Chicago Bulls,Away,1,126,103,23,9,4,1269.0,1037.0,993.0,0.706,0.681,15.2,15.2,0.531,174.0,0.263,0.338,688.0,500.0,18.0,7.0,10.0,3.0,-16.0,0.615,0.615,0.333,0.4,13.0,8.0,27.82,159.0,1.0,1.0,5.0,0.0,0.0,0
14,Regular,New York Knicks,Home,0,103,106,-3,9,5,1070.0,110.1,962.0,0.567,0.524,14.2,19.0,0.488,7.6,0.244,0.463,500.0,512.0,9.0,5.0,5.0,1.0,-4.0,0.563,0.5,0.25,1.0,8.0,4.0,15.22,9.3,0.0,1.0,1.0,1.0,4.0,0
15,Regular,Dallas Mavericks,Away,0,99,127,-28,9,6,1057.0,1356.0,937.0,0.506,0.478,11.7,255.0,0.682,10.1,0.2,0.333,632.0,450.0,30.0,12.0,13.0,1.0,4.0,0.694,667.0,0.5,1.0,18.0,12.0,36.33,383.0,3.0,2.0,4.0,1.0,2.0,1
16,Regular,Dallas Mavericks,Away,1,98,97,1,10,6,1032.0,1022.0,949.0,0.567,0.532,156.0,11.8,0.545,13.0,0.244,0.346,595.0,550.0,38.0,8.0,19.0,3.0,-12.0,0.5,0.452,0.375,636.0,31.0,14.0,42.15,328.0,3.0,0.0,3.0,3.0,8.0,0
17,Regular,Detroit Pistons,Home,0,108,110,-2,10,7,1115.0,1135.0,969.0,0.554,0.529,156.0,349.0,0.557,145.0,0.302,0.221,65.1,512.0,39.0,9.0,11.0,5.0,14.0,0.586,0.586,0.333,1.0,29.0,17.0,34.2,319.0,1.0,0.0,3.0,0.0,0.0,0
18,Regular,Oklahoma City Thunder,Away,1,131,126,5,11,7,1257.0,1209.0,944.0,0.618,0.557,15.2,386.0,0.526,8.4,0.466,0.432,738.0,585.0,27.0,9.0,13.0,3.0,9.0,0.607,0.571,0.333,1.0,18.0,11.0,,250.0,1.0,1.0,2.0,1.0,3.0,0
19,Regular,Los Angeles Clippers,Away,1,114,104,10,12,7,1245.0,1136.0,916.0,0.575,0.551,5.7,256.0,625.0,14.4,0.258,0.337,614.0,529.0,32.0,15.0,10.0,0.0,29.0,0.658,0.632,0.5,875.0,19.0,12.0,33.35,392.0,1.0,0.0,2.0,1.0,2.0,1
20,Regular,Houston Rockets,Home,1,129,113,16,13,7,1330.0,1165.0,970.0,666.0,636.0,12.6,34.2,0.553,15.0,0.227,0.341,620.0,538.0,21.0,16.0,5.0,3.0,6.0,0.5,0.5,0.0,0.5,18.0,9.0,34.92,217.0,1.0,2.0,4.0,0.0,3.0,0
21,Regular,Houston Rockets,Home,1,120,100,20,14,7,1258.0,1048.0,954.0,0.654,633.0,11.6,216.0,0.489,12.7,0.241,0.386,682.0,519.0,36.0,14.0,13.0,0.0,11.0,0.587,0.565,0.25,0.75,23.0,13.0,38.17,399.0,2.0,1.0,3.0,1.0,4.0,1
22,Regular,Atlanta Hawks,Away,0,109,117,-8,14,8,1158.0,1243.0,941.0,0.601,0.6,15.0,225.0,0.614,11.3,0.153,0.376,689.0,434.0,22.0,10.0,15.0,4.0,1.0,0.313,0.281,0.286,1.0,32.0,9.0,37.12,129.0,1.0,0.0,2.0,2.0,7.0,1
23,Regular,Pelicanos de Nova Orleans,Away,0,106,121,-15,14,9,1062.0,1212.0,999.0,0.579,0.556,17.2,23.1,0.574,10.2,0.296,0.383,585.0,544.0,23.0,5.0,16.0,3.0,3.0,0.365,0.346,0.5,0.571,26.0,9.0,34.37,147.0,0.0,2.0,5.0,1.0,2.0,0
24,Regular,Dallas Mavericks,Home,0,115,116,-1,14,10,1183.0,1193.0,972.0,0.637,0.596,158.0,205.0,0.618,166.0,0.359,0.41,750.0,507.0,25.0,9.0,8.0,1.0,8.0,0.731,0.692,1.0,857.0,13.0,9.0,36.02,308.0,3.0,2.0,3.0,1.0,1.0,0
25,Regular,Portland Trail Blazers,Away,1,121,120,1,15,10,1252.0,1242.0,966.0,0.601,0.582,13.7,390.0,0.571,11.7,0.242,0.33,596.0,558.0,4.0,6.0,9.0,0.0,5.0,0.4,0.4,0.333,1.0,5.0,2.0,16.4,9.0,0.0,0.0,1.0,0.0,0.0,0
26,Regular,Utah Jazz,Home,1,115,110,5,16,10,1206.0,1153.0,954.0,0.618,0.593,88.0,158.0,0.547,129.0,0.186,0.302,596.0,48.1,26.0,10.0,14.0,1.0,21.0,667.0,667.0,0.0,833.0,12.0,8.0,29.82,308.0,1.0,0.0,2.0,0.0,2.0,1
27,Regular,Washington Wizards,Home,1,141,128,13,17,10,1295.0,1176.0,1089.0,716.0,675.0,16.2,259.0,0.632,12.2,0.422,0.193,574.0,652.0,24.0,12.0,6.0,3.0,-9.0,0.567,0.533,0.5,875.0,15.0,8.0,37.42,259.0,2.0,0.0,3.0,1.0,2.0,0
28,Regular,Los Angeles Lakers,Away,0,108,126,-18,17,11,1053.0,1229.0,1025.0,0.579,0.537,169.0,209.0,0.593,129.0,0.346,0.333,64.1,464.0,8.0,7.0,9.0,2.0,16.0,0.375,0.375,0.0,1.0,8.0,3.0,27.83,10.8,2.0,0.0,2.0,0.0,1.0,0
29,Regular,Charlotte Hornets,Home,1,119,115,4,18,11,1143.0,1105.0,104.1,0.546,0.516,11.4,294.0,0.49,94.0,0.362,0.351,767.0,534.0,31.0,6.0,15.0,2.0,15.0,0.63,0.565,0.6,667.0,23.0,13.0,38.1,29.0,0.0,2.0,2.0,3.0,5.0,0
30,Regular,Memphis Grizzlies,Home,1,105,91,14,19,11,1054.0,914.0,996.0,0.525,0.506,145.0,27.1,0.475,15.1,0.281,0.303,700.0,533.0,31.0,7.0,11.0,0.0,29.0,765.0,0.706,1.0,1.0,17.0,12.0,34.15,357.0,3.0,2.0,4.0,2.0,2.0,0
31,Regular,Portland Trail Blazers,Home,1,120,107,13,20,11,1229.0,1096.0,977.0,649.0,0.642,10.6,11.8,0.5,125.0,0.321,0.259,660.0,469.0,18.0,9.0,10.0,3.0,12.0,0.571,0.571,0.0,1.0,14.0,8.0,35.63,178.0,1.0,1.0,6.0,0.0,2.0,0
32,Regular,Phoenix Suns,Home,1,128,125,3,21,11,1206.0,1178.0,961.0,0.587,0.548,10.7,26.1,0.569,11.7,0.362,0.383,644.0,51.1,26.0,8.0,14.0,3.0,21.0,0.333,0.333,0.0,1.0,12.0,4.0,39.05,268.0,0.0,0.0,2.0,0.0,2.0,0
33,Regular,Sacramento Kings,Away,1,113,106,7,22,11,1178.0,1105.0,959.0,0.593,0.552,12.0,244.0,0.549,15.0,0.244,0.43,829.0,506.0,26.0,10.0,14.0,3.0,25.0,1045.0,1.0,1.0,1.0,11.0,11.0,29.97,319.0,0.0,2.0,1.0,1.0,1.0,1
34,Regular,Sacramento Kings,Away,0,126,127,-1,22,12,1278.0,1288.0,986.0,0.678,647.0,147.0,23.3,0.607,10.7,0.212,0.318,633.0,500.0,19.0,7.0,10.0,7.0,-19.0,0.95,0.9,1.0,1.0,10.0,9.0,31.53,18.2,1.0,1.0,2.0,1.0,1.0,0
35,Regular,Miami Heat,Home,1,124,119,5,23,12,1241.0,119.1,999.0,0.724,0.704,189.0,167.0,0.529,13.0,0.289,0.368,756.0,500.0,13.0,6.0,11.0,3.0,27.0,857.0,857.0,0.333,1.0,7.0,6.0,27.5,159.0,1.0,1.0,2.0,0.0,0.0,0
36,Regular,Boston Celtics,Home,1,123,111,12,24,12,122.1,1102.0,1007.0,0.708,677.0,164.0,3.1,0.511,11.6,0.228,0.38,689.0,46.1,34.0,10.0,9.0,4.0,4.0,875.0,813.0,1.0,857.0,16.0,13.0,38.42,360.0,2.0,1.0,2.0,2.0,2.0,0
37,Regular,Minnesota Timberwolves,Away,0,111,124,-13,24,13,1162.0,1298.0,956.0,0.556,0.522,13.1,375.0,0.592,10.8,0.22,0.319,643.0,523.0,29.0,8.0,4.0,2.0,-4.0,0.684,0.684,0.0,0.75,19.0,13.0,36.85,27.1,3.0,0.0,3.0,0.0,1.0,0
38,Regular,Los Angeles Clippers,Home,1,122,91,31,25,13,1229.0,917.0,993.0,0.621,0.584,10.9,23.3,0.401,7.3,0.236,0.404,622.0,582.0,4.0,16.0,7.0,2.0,16.0,667.0,667.0,0.333,1.0,3.0,2.0,24.62,159.0,0.0,5.0,4.0,0.0,0.0,0
39,Regular,Cleveland Cavaliers,Home,1,121,108,13,26,13,1346.0,1201.0,899.0,0.664,636.0,13.3,37.1,0.511,6.4,0.284,0.432,65.1,55.1,27.0,6.0,11.0,6.0,-21.0,944.0,889.0,1.0,833.0,9.0,8.0,30.47,248.0,1.0,0.0,3.0,1.0,1.0,0
40,Regular,Los Angeles Lakers,Home,1,122,109,13,27,13,1156.0,1033.0,1056.0,0.573,0.54,13.8,298.0,0.484,11.9,0.172,0.424,630.0,556.0,27.0,14.0,10.0,2.0,12.0,676.0,647.0,0.5,1.0,17.0,11.0,32.18,306.0,0.0,1.0,4.0,1.0,2.0,1
41,Regular,Phoenix Suns,Home,1,126,97,29,28,13,1296.0,997.0,973.0,669.0,0.653,105.0,194.0,0.483,17.2,0.247,0.4,625.0,463.0,25.0,9.0,12.0,7.0,10.0,923.0,923.0,0.333,0.5,13.0,12.0,33.08,259.0,2.0,1.0,3.0,0.0,0.0,0
42,Regular,Los Angeles Clippers,Away,1,115,103,12,29,13,1244.0,1114.0,924.0,0.618,0.585,10.6,238.0,0.529,11.4,0.305,0.402,585.0,500.0,25.0,3.0,19.0,4.0,1.0,0.55,0.55,0.0,0.75,20.0,11.0,38.0,237.0,1.0,1.0,3.0,0.0,2.0,0
43,Regular,Orlando Magic,Home,1,119,116,3,30,13,1199.0,1168.0,993.0,0.611,0.612,14.1,293.0,0.53,11.6,0.213,0.438,667.0,513.0,34.0,9.0,12.0,4.0,1.0,0.682,636.0,0.5,1.0,22.0,14.0,38.27,305.0,0.0,0.0,1.0,2.0,4.0,0
44,Regular,Portland Trail Blazers,Home,1,122,113,9,31,13,1233.0,1142.0,989.0,0.608,0.563,10.7,26.8,0.536,12.1,0.318,0.364,72.7,54.5,42.0,8.0,12.0,0.0,20.0,0.75,0.75,0.333,857.0,20.0,15.0,36.08,466.0,2.0,2.0,2.0,0.0,0.0,0
45,Regular,Minnesota Timberwolves,Home,1,122,118,4,32,13,121.3,117.3,100.6,0.616,0.576,13.9,25.0,0.593,16.9,0.376,0.247,60.0,48.6,31.0,10.0,13.0,1.0,9.0,763.0,0.684,0.75,1.0,19.0,13.0,37.02,33.1,0.0,1.0,3.0,3.0,4.0,1
46,Regular,Indiana Pacers,Home,1,134,111,23,33,13,133.8,110.8,100.2,0.709,0.699,16.0,34.3,0.488,17.3,0.313,0.337,74.5,49.4,31.0,3.0,11.0,7.0,-23.0,0.778,0.722,667.0,1.0,18.0,13.0,27.48,23.2,0.0,0.0,1.0,2.0,3.0,0
47,Regular,Oklahoma City Thunder,Home,0,99,101,-2,33,14,109.4,111.6,90.5,0.513,0.5,8.5,21.7,0.489,7.7,0.402,0.341,61.1,45.7,26.0,7.0,16.0,3.0,2.0,0.5,0.5,0.0,625.0,16.0,8.0,36.67,25.1,2.0,0.0,3.0,0.0,1.0,0
48,Regular,Pelicanos de Nova Orleans,Away,1,99,98,1,34,14,109.7,108.6,90.2,0.577,0.556,12.3,19.4,0.476,14.6,0.163,0.413,69.2,44.2,25.0,12.0,16.0,3.0,9.0,0.42,0.4,0.167,0.8,25.0,10.0,39.52,257.0,3.0,2.0,1.0,1.0,6.0,1
49,Regular,Milwaukee Bucks,Away,0,99,107,-8,34,15,93.9,101.5,105.4,0.476,0.448,15.4,26.3,0.558,20.3,0.165,0.351,55.3,51.0,27.0,9.0,13.0,3.0,9.0,0.607,0.571,0.333,1.0,18.0,11.0,,250.0,1.0,1.0,2.0,1.0,3.0,0
50,Regular,Philadelphia 76ers,Away,0,119,126,-7,34,16,123.8,131.1,96.1,0.663,0.63,13.5,18.2,0.618,9.9,0.247,0.42,63.6,48.0,27.0,12.0,22.0,4.0,20.0,0.719,0.688,1.0,1.0,16.0,11.0,38.27,352.0,1.0,2.0,3.0,1.0,1.0,1
51,Regular,Pelicanos de Nova Orleans,Home,1,122,113,9,35,16,119.9,111.1,101.7,0.625,0.586,15.6,26.3,0.541,13.5,0.276,0.414,76.7,55.0,29.0,7.0,8.0,2.0,-5.0,625.0,0.6,0.333,0.8,20.0,12.0,34.23,267.0,2.0,0.0,1.0,1.0,3.0,0
52,Regular,Golden State Warriors,Home,1,134,117,17,36,16,132.3,115.5,101.3,0.675,0.656,11.6,17.9,0.618,15.4,0.233,0.389,68.6,47.5,24.0,9.0,13.0,6.0,10.0,0.5,0.45,0.333,1.0,20.0,9.0,36.38,20.3,0.0,3.0,2.0,2.0,6.0,0
53,Regular,Atlanta Hawks,Home,1,128,108,20,37,16,124.6,105.1,102.7,0.617,0.584,11.1,26.7,0.516,14.0,0.211,0.4,66.7,52.7,23.0,7.0,8.0,1.0,-7.0,0.559,0.529,1.0,0.8,17.0,9.0,29.75,236.0,3.0,0.0,2.0,1.0,1.0,0
54,Regular,Minnesota Timberwolves,Away,0,98,128,-30,37,17,95.0,124.1,103.2,0.579,0.521,20.6,9.4,0.609,9.9,0.437,0.352,55.9,52.1,29.0,8.0,12.0,5.0,-16.0,0.56,0.52,0.4,0.333,25.0,13.0,31.52,209.0,0.0,0.0,1.0,2.0,5.0,0
55,Regular,Minnesota Timberwolves,Home,1,146,112,34,38,17,138.9,106.6,105.1,0.711,0.694,9.7,17.6,0.529,15.0,0.237,0.29,75.9,55.0,15.0,8.0,5.0,0.0,-4.0,0.353,0.353,0.0,0.75,17.0,6.0,38.97,11.3,0.0,1.0,4.0,0.0,6.0,0
56,Regular,Orlando Magic,Away,0,104,115,-11,38,18,104.8,115.9,99.2,0.55,0.524,14.5,17.9,0.531,8.7,0.286,0.393,61.5,45.3,21.0,15.0,19.0,3.0,23.0,1.0,1.0,0.333,0.5,10.0,10.0,31.38,314.0,1.0,0.0,3.0,0.0,0.0,1
57,Regular,Charlotte Hornets,Away,1,119,105,14,39,18,114.0,100.6,104.4,0.559,0.53,11.6,30.4,0.518,12.5,0.172,0.232,70.0,58.0,29.0,14.0,15.0,2.0,24.0,735.0,0.706,0.333,0.8,17.0,12.0,34.77,36.1,2.0,1.0,4.0,1.0,3.0,1
58,Regular,Miami Heat,Away,1,112,108,4,40,18,122.5,118.1,91.5,0.678,0.651,13.6,19.4,0.506,8.4,0.197,0.368,77.3,53.4,32.0,16.0,16.0,2.0,20.0,0.583,0.542,0.333,1.0,24.0,13.0,36.82,387.0,4.0,1.0,3.0,2.0,6.0,1
59,Regular,Dallas Mavericks,Home,1,118,109,9,41,18,122.4,113.1,96.4,0.651,0.637,12.5,19.4,0.548,11.5,0.179,0.369,70.8,58.1,14.0,11.0,14.0,2.0,37.0,0.556,0.556,0.333,1.0,9.0,5.0,32.32,225.0,3.0,1.0,3.0,0.0,0.0,1
60,Regular,Cleveland Cavaliers,Away,1,115,109,6,42,18,125.1,118.6,91.9,0.611,0.565,14.5,39.1,0.511,10.0,0.274,0.429,76.9,53.4,18.0,7.0,11.0,4.0,12.0,0.4,0.4,0.0,1.0,15.0,6.0,38.0,157.0,1.0,2.0,4.0,0.0,3.0,0
61,Regular,Memphis Grizzlies,Away,0,94,112,-18,42,19,96.4,114.8,97.5,0.494,0.466,13.6,22.0,0.553,10.9,0.157,0.416,61.1,49.0,35.0,7.0,10.0,3.0,16.0,0.66,0.64,0.2,1.0,25.0,16.0,38.93,299.0,0.0,1.0,1.0,1.0,5.0,0
62,Regular,Los Angeles Clippers,Home,1,134,124,10,43,19,121.8,112.7,99.6,0.611,0.578,12.7,25.6,0.55,11.2,0.323,0.406,71.4,56.8,25.0,5.0,16.0,7.0,-13.0,0.556,0.444,0.571,0.714,18.0,8.0,44.27,165.0,0.0,0.0,2.0,4.0,7.0,0
63,Regular,Houston Rockets,Away,1,133,112,21,44,19,133.2,112.2,99.9,0.671,0.663,10.0,26.8,0.541,11.4,0.174,0.402,75.5,51.8,32.0,11.0,12.0,0.0,9.0,0.579,0.579,0.333,1.0,19.0,11.0,38.75,376.0,2.0,0.0,1.0,0.0,0.0,1
64,Regular,Memphis Grizzlies,Home,1,113,97,16,45,19,118.8,102.0,95.1,0.561,0.506,9.0,30.2,0.435,10.1,0.356,0.356,70.0,57.0,26.0,8.0,6.0,3.0,6.0,857.0,857.0,0.333,1.0,14.0,12.0,32.0,28.2,1.0,2.0,1.0,0.0,0.0,0
65,Regular,Toronto Raptors,Home,1,118,113,5,46,19,122.7,117.5,96.2,0.614,0.576,12.7,28.6,0.558,13.7,0.267,0.384,69.8,50.0,35.0,12.0,17.0,2.0,13.0,0.558,0.538,0.333,1.0,26.0,14.0,38.1,425.0,6.0,2.0,3.0,1.0,3.0,1
66,Regular,Chicago Bulls,Home,0,96,117,-21,46,20,101.7,123.9,94.4,0.507,0.506,10.4,21.2,0.562,8.5,0.17,0.455,70.3,46.8,12.0,6.0,14.0,4.0,10.0,625.0,625.0,0.333,667.0,8.0,5.0,37.62,14.2,1.0,0.0,1.0,0.0,0.0,0
67,Regular,San Antonio Spurs,Away,0,120,128,-8,46,21,115.8,123.5,103.7,0.607,0.561,12.4,17.8,0.612,15.8,0.222,0.389,72.7,39.8,31.0,5.0,7.0,3.0,7.0,0.711,0.684,0.333,1.0,19.0,13.0,30.9,269.0,0.0,2.0,1.0,1.0,3.0,0
68,Regular,Brooklyn Nets,Home,0,120,122,-2,46,22,123.1,125.2,97.5,0.597,0.567,13.0,38.5,0.601,9.6,0.267,0.344,60.0,63.6,16.0,7.0,11.0,3.0,10.0,0.375,0.375,0.0,0.8,16.0,6.0,38.52,148.0,2.0,0.0,1.0,0.0,2.0,0
69,Regular,Toronto Raptors,Away,0,110,125,-15,46,23,115.3,131.0,95.4,0.632,0.592,13.9,11.8,0.591,9.9,0.329,0.329,69.0,42.1,35.0,2.0,16.0,3.0,8.0,705.0,636.0,0.75,667.0,22.0,14.0,37.67,268.0,0.0,0.0,3.0,3.0,4.0,0
70,Regular,Detroit Pistons,Away,1,119,100,19,47,23,126.1,105.9,94.4,0.595,0.573,9.1,35.1,0.529,15.5,0.281,0.27,61.7,56.0,30.0,11.0,14.0,1.0,30.0,0.522,0.522,0.0,857.0,23.0,12.0,39.23,306.0,1.0,0.0,1.0,0.0,1.0,1
71,Regular,New York Knicks,Away,0,110,116,-6,47,24,118.7,125.1,92.7,0.607,0.583,12.5,17.6,0.548,11.2,0.179,0.393,69.8,43.4,27.0,9.0,13.0,3.0,9.0,0.607,0.571,0.333,1.0,18.0,11.0,,250.0,1.0,1.0,2.0,1.0,3.0,0
72,Regular,Brooklyn Nets,Away,1,108,102,6,48,24,117.0,110.5,92.3,0.63,0.6,16.5,20.0,0.537,11.9,0.163,0.288,73.8,54.8,29.0,8.0,11.0,4.0,13.0,0.639,0.611,0.5,857.0,18.0,11.0,30.85,294.0,3.0,1.0,4.0,1.0,2.0,0
73,Regular,Washington Wizards,Away,1,118,104,14,49,24,132.9,117.1,88.8,0.64,0.596,9.8,28.9,0.529,6.9,0.253,0.386,66.7,52.6,22.0,10.0,9.0,1.0,2.0,0.594,0.563,0.2,1.0,16.0,9.0,41.53,250.0,2.0,1.0,2.0,1.0,5.0,0
74,Regular,Milwaukee Bucks,Home,1,129,106,23,50,24,124.9,102.6,103.3,0.637,0.612,10.6,16.3,0.494,9.3,0.315,0.404,59.6,54.5,32.0,5.0,10.0,4.0,-9.0,0.458,0.458,0.0,769.0,24.0,11.0,36.97,23.2,2.0,1.0,2.0,0.0,3.0,0
75,Regular,Philadelphia 76ers,Home,1,116,111,5,51,24,121.8,116.5,95.2,0.613,0.571,11.2,25.6,0.528,10.0,0.259,0.376,79.1,51.2,26.0,16.0,18.0,3.0,37.0,0.639,0.611,0.5,0.6,18.0,11.0,34.63,324.0,1.0,0.0,2.0,1.0,2.0,1
76,Regular,Pelicanos de Nova Orleans,Home,0,88,107,-19,51,25,96.5,117.4,91.2,0.468,0.425,9.6,22.4,0.556,11.8,0.4,0.35,65.6,46.5,42.0,6.0,16.0,4.0,5.0,0.578,0.563,0.167,833.0,32.0,18.0,37.58,346.0,1.0,2.0,2.0,1.0,6.0,0
77,Regular,Phoenix Suns,Away,0,93,100,-7,51,26,95.6,102.7,97.3,0.448,0.432,9.6,28.3,0.477,14.1,0.211,0.274,50.0,50.0,36.0,10.0,17.0,5.0,12.0,646.0,0.583,0.375,833.0,24.0,14.0,40.1,31.1,0.0,0.0,2.0,3.0,8.0,1
78,Regular,Golden State Warriors,Home,1,112,110,2,52,26,112.6,110.6,99.4,0.519,0.485,10.8,32.7,0.443,11.8,0.18,0.33,54.5,45.2,19.0,11.0,14.0,4.0,19.0,0.538,0.462,667.0,833.0,13.0,6.0,30.67,218.0,2.0,0.0,1.0,2.0,3.0,1
79,Regular,Houston Rockets,Away,0,103,124,-21,52,27,101.1,121.8,101.8,0.543,0.534,17.4,27.1,0.52,10.4,0.207,0.414,63.4,46.1,28.0,7.0,13.0,5.0,23.0,0.65,0.6,1.0,1.0,20.0,12.0,34.07,275.0,3.0,1.0,2.0,2.0,2.0,0
80,Regular,Phoenix Suns,Away,0,115,119,-4,52,28,123.9,128.3,92.8,0.617,0.578,12.3,25.7,0.627,10.0,0.277,0.277,54.5,53.5,41.0,7.0,11.0,2.0,6.0,0.85,0.8,1.0,0.583,20.0,16.0,38.42,394.0,3.0,0.0,5.0,2.0,2.0,0
81,Regular,Utah Jazz,Away,0,114,118,-4,52,29,106.5,110.3,107.0,0.567,0.539,12.2,10.6,0.495,12.7,0.267,0.511,78.0,41.0,22.0,12.0,7.0,3.0,-1.0,0.731,0.692,0.5,1.0,13.0,9.0,38.55,25.5,2.0,1.0,5.0,1.0,2.0,0
82,Regular,Sacramento Kings,Home,1,109,95,14,53,29,113.8,99.2,95.8,0.574,0.542,17.4,38.5,0.5,14.1,0.298,0.333,59.5,60.0,15.0,5.0,15.0,4.0,19.0,0.636,0.636,0.333,0.5,11.0,7.0,30.78,18.9,4.0,0.0,1.0,0.0,0.0,0
1,Playoffs,Minnesota Timberwolves,Home,1,109,80,29,1,0,1157.0,849.0,942.0,0.559,0.544,10.1,250.0,0.438,12.0,0.189,0.433,585.0,587.0,32.0,7.0,12.0,0.0,14.0,674.0,0.652,0.333,0.5,23.0,15.0,39.38,320.0,2.0,0.0,3.0,1.0,3.0,0
2,Playoffs,Minnesota Timberwolves,Home,1,122,113,9,2,0,1319.0,122.1,925.0,635.0,0.6,94.0,257.0,0.595,12.7,0.294,0.259,565.0,507.0,27.0,10.0,20.0,3.0,1.0,625.0,0.563,0.5,1.0,16.0,9.0,41.4,322.0,2.0,0.0,2.0,2.0,4.0,1
3,Playoffs,Minnesota Timberwolves,Away,1,120,111,9,3,0,1217.0,1125.0,986.0,669.0,649.0,14.3,16.1,0.519,12.1,0.155,0.381,667.0,556.0,24.0,9.0,15.0,3.0,4.0,0.692,0.692,0.0,857.0,13.0,9.0,38.98,273.0,1.0,0.0,4.0,0.0,1.0,0
4,Playoffs,Minnesota Timberwolves,Away,0,108,114,-6,3,1,1075.0,1135.0,910.0,0.525,0.505,10.4,21.3,0.522,105.0,0.189,0.368,500.0,480.0,33.0,14.0,14.0,3.0,-7.0,0.55,0.5,0.4,1.0,20.0,10.0,41.1,36.1,1.0,1.0,4.0,2.0,5.0,1
5,Playoffs,Minnesota Timberwolves,Home,1,112,109,3,4,1,1182.0,115.1,947.0,0.555,0.471,10.6,333.0,0.556,13.2,0.424,0.4,647.0,540.0,25.0,9.0,20.0,7.0,7.0,0.595,0.571,0.2,1.0,21.0,12.0,41.03,208.0,0.0,0.0,1.0,1.0,5.0,0
6,Playoffs,Phoenix Suns,Home,1,125,107,18,5,1,1279.0,1095.0,978.0,0.581,0.554,85.0,348.0,0.554,149.0,0.149,0.366,458.0,563.0,32.0,9.0,8.0,7.0,-12.0,0.48,0.44,0.222,1.0,25.0,11.0,40.93,224.0,3.0,0.0,4.0,2.0,9.0,0
7,Playoffs,Phoenix Suns,Home,1,97,87,10,6,1,1056.0,948.0,918.0,0.569,0.52,13.2,15.2,0.432,9.3,0.276,0.355,528.0,513.0,16.0,8.0,16.0,4.0,-16.0,0.385,0.385,0.0,1.0,13.0,5.0,38.6,176.0,0.0,1.0,2.0,0.0,1.0,0
8,Playoffs,Phoenix Suns,Away,0,114,121,-7,6,2,1125.0,1194.0,1014.0,0.537,0.495,10.9,320.0,0.553,8.0,0.216,0.309,628.0,554.0,24.0,9.0,14.0,3.0,30.0,0.583,0.556,0.333,0.75,18.0,10.0,38.08,28.0,3.0,3.0,3.0,1.0,3.0,0
9,Playoffs,Phoenix Suns,Away,0,124,129,-5,6,3,1322.0,1375.0,938.0,626.0,0.601,8.3,286.0,0.648,12.2,0.258,0.247,560.0,464.0,35.0,7.0,7.0,4.0,3.0,0.596,0.577,0.2,667.0,26.0,15.0,39.07,279.0,3.0,1.0,4.0,1.0,5.0,0
10,Playoffs,Phoenix Suns,Home,1,118,102,16,7,3,1214.0,1049.0,972.0,0.606,0.571,9.3,227.0,0.483,9.2,0.329,0.318,762.0,543.0,40.0,13.0,7.0,0.0,21.0,0.727,0.682,667.0,889.0,22.0,15.0,41.1,433.0,2.0,1.0,2.0,2.0,3.0,0
11,Playoffs,Phoenix Suns,Away,1,125,100,25,8,3,1278.0,1023.0,978.0,0.653,0.585,10.3,206.0,0.551,13.8,0.378,0.268,545.0,586.0,22.0,2.0,9.0,3.0,-25.0,0.474,0.474,0.0,1.0,19.0,9.0,35.75,15.0,0.0,0.0,1.0,0.0,4.0,0
12,Playoffs,Los Angeles Lakers,Home,1,132,126,6,9,3,1388.0,1325.0,951.0,656.0,0.632,98.0,375.0,0.613,68.0,0.242,0.352,580.0,610.0,34.0,7.0,19.0,3.0,-9.0,0.5,0.464,0.2,857.0,28.0,13.0,46.6,29.1,0.0,1.0,2.0,2.0,10.0,0
13,Playoffs,Los Angeles Lakers,Home,1,108,103,5,10,3,1078.0,1028.0,1002.0,0.557,0.517,149.0,234.0,0.488,11.4,0.202,0.427,692.0,55.1,27.0,9.0,13.0,3.0,9.0,0.607,0.571,0.333,1.0,18.0,11.0,,250.0,1.0,1.0,2.0,1.0,3.0,0
14,Playoffs,Los Angeles Lakers,Away,1,119,108,11,11,3,1245.0,1130.0,956.0,0.617,0.597,5.9,128.0,0.512,11.0,0.216,0.466,682.0,464.0,27.0,9.0,13.0,3.0,9.0,0.607,0.571,0.333,1.0,18.0,11.0,,250.0,1.0,1.0,2.0,1.0,3.0,0
15,Playoffs,Los Angeles Lakers,Away,1,113,111,2,12,3,1229.0,1207.0,920.0,0.597,0.553,10.4,268.0,0.512,58.0,0.259,0.388,610.0,513.0,27.0,9.0,13.0,3.0,9.0,0.607,0.571,0.333,1.0,18.0,11.0,,250.0,1.0,1.0,2.0,1.0,3.0,0
16,Playoffs,Miami Heat,Home,1,104,93,11,13,3,1144.0,1023.0,909.0,0.592,0.557,10.2,158.0,0.474,7.6,0.253,0.342,725.0,51.1,27.0,9.0,13.0,3.0,9.0,0.607,0.571,0.333,1.0,18.0,11.0,,250.0,1.0,1.0,2.0,1.0,3.0,0
17,Playoffs,Miami Heat,Home,0,108,111,-3,13,4,1236.0,1271.0,874.0,0.638,0.593,14.2,28.1,0.596,11.2,0.293,0.373,590.0,55.1,27.0,9.0,13.0,3.0,9.0,0.607,0.571,0.333,1.0,18.0,11.0,,250.0,1.0,1.0,2.0,1.0,3.0,0
18,Playoffs,Miami Heat,Away,1,109,94,15,14,4,1197.0,1033.0,910.0,0.593,0.544,13.2,36.1,0.429,38.0,0.338,0.225,683.0,637.0,27.0,9.0,13.0,3.0,9.0,0.607,0.571,0.333,1.0,18.0,11.0,,250.0,1.0,1.0,2.0,1.0,3.0,0
19,Playoffs,Miami Heat,Away,1,108,95,13,15,4,1199.0,1055.0,901.0,0.612,0.582,8.3,147.0,0.5,147.0,0.266,0.354,667.0,479.0,27.0,9.0,13.0,3.0,9.0,0.607,0.571,0.333,1.0,18.0,11.0,,250.0,1.0,1.0,2.0,1.0,3.0,0
20,Playoffs,Miami Heat,Home,1,94,89,5,16,4,973.0,921.0,966.0,0.499,0.482,13.7,250.0,0.391,7.2,0.274,0.333,553.0,564.0,27.0,9.0,13.0,3.0,9.0,0.607,0.571,0.333,1.0,18.0,11.0,,250.0,1.0,1.0,2.0,1.0,3.0,0

